?xml version="1.0" ?>
<annotation>
	<folder>E:\CPE 620 final\data\images\train_2</folder>
	<filename>img000324.png</filename>
	<size>
		<width>300</width>
		<height>300</height>
		<depth>3</depth>
	</size>
	<segmented>0</segmented>
	<object>
		<name>0</name>
		<pose>Unspecified</pose>
		<truncated>0</truncated>
		<occluded>0</occluded>
		<difficult>0</difficult>
		<bndbox>
			<xmin>64.74609375</xmin>
			<ymin>30.76171875</ymin>
			<xmax>230.2734375</xmax>
			<ymax>217.67578125</ymax>
		</bndbox>
	</object>
</annotation>
