?xml version="1.0" ?>
<annotation>
	<folder>E:\CPE 620 final\data\images\train_2</folder>
	<filename>img000318.png</filename>
	<size>
		<width>300</width>
		<height>300</height>
		<depth>3</depth>
	</size>
	<segmented>0</segmented>
	<object>
		<name>0</name>
		<pose>Unspecified</pose>
		<truncated>0</truncated>
		<occluded>0</occluded>
		<difficult>0</difficult>
		<bndbox>
			<xmin>28.7109375</xmin>
			<ymin>4.98046875</ymin>
			<xmax>223.2421875</xmax>
			<ymax>192.48046875</ymax>
		</bndbox>
	</object>
</annotation>
