?xml version="1.0" ?>
<annotation>
	<folder>E:\CPE 620 final\data\images\train_2</folder>
	<filename>img000201.png</filename>
	<size>
		<width>300</width>
		<height>300</height>
		<depth>3</depth>
	</size>
	<segmented>0</segmented>
	<object>
		<name>0</name>
		<pose>Unspecified</pose>
		<truncated>0</truncated>
		<occluded>0</occluded>
		<difficult>0</difficult>
		<bndbox>
			<xmin>90.8203125</xmin>
			<ymin>26.07421875</ymin>
			<xmax>255.76171875</xmax>
			<ymax>279.4921875</ymax>
		</bndbox>
	</object>
</annotation>
