?xml version="1.0" ?>
<annotation>
	<folder>E:\CPE 620 final\data\images\train_2</folder>
	<filename>img000150.png</filename>
	<size>
		<width>300</width>
		<height>300</height>
		<depth>3</depth>
	</size>
	<segmented>0</segmented>
	<object>
		<name>0</name>
		<pose>Unspecified</pose>
		<truncated>0</truncated>
		<occluded>0</occluded>
		<difficult>0</difficult>
		<bndbox>
			<xmin>56.8359375</xmin>
			<ymin>67.08984375</ymin>
			<xmax>289.16015625</xmax>
			<ymax>270.703125</ymax>
		</bndbox>
	</object>
</annotation>
