?xml version="1.0" ?>
<annotation>
	<folder>E:\CPE 620 final\data\images\train_2</folder>
	<filename>img000002.png</filename>
	<size>
		<width>300</width>
		<height>300</height>
		<depth>3</depth>
	</size>
	<segmented>0</segmented>
	<object>
		<name>0</name>
		<pose>Unspecified</pose>
		<truncated>0</truncated>
		<occluded>0</occluded>
		<difficult>0</difficult>
		<bndbox>
			<xmin>75.5859375</xmin>
			<ymin>35.44921875</ymin>
			<xmax>300.0</xmax>
			<ymax>229.39453125</ymax>
		</bndbox>
	</object>
</annotation>
